<launch>
  <arg name="init_x" value="6"/>
  <arg name="init_y" value="1"/>
  <arg name="init_z" value="1.5"/> 
  <arg name="obj_num" value="1" />
  <arg name="map_size_x_"/>
  <arg name="map_size_y_"/>
  <arg name="map_size_z_"/>
  <arg name="c_num"/>
  <arg name="p_num"/>
  <arg name="min_dist"/>
  <arg name="odometry_topic"/>

  <!-- There are two kinds of maps you can choose, just comment out the one you don’t need like the follow. Have a try. /-->

	  
  <node pkg="so3_quadrotor_simulator" type="quadrotor_simulator_so3" name="quadrotor_simulator_so3" output="screen">
        <param name="rate/odom" value="30.0"/>
        <param name="simulator/init_state_x" value="$(arg init_x)"/>
        <param name="simulator/init_state_y" value="$(arg init_y)"/>
        <param name="simulator/init_state_z" value="$(arg init_z)"/>

        <remap from="~odom" to="$(arg odometry_topic)"/>
        <remap from="~cmd" to="so3_cmd"/>
        <remap from="~force_disturbance" to="force_disturbance"/>    
        <remap from="~moment_disturbance" to="moment_disturbance"/>        
  </node>

  <node pkg="nodelet" type="nodelet" args="standalone so3_control/SO3ControlNodelet" name="so3_control" required="true" output="screen">
        <param name="so3_control/init_state_x" value="$(arg init_x)"/>
        <param name="so3_control/init_state_y" value="$(arg init_y)"/>
        <param name="so3_control/init_state_z" value="$(arg init_z)"/>
	<remap from="~odom" to="$(arg odometry_topic)"/>
        <remap from="~position_cmd" to="planning/pos_cmd"/>
        <remap from="~motors" to="motors"/>
        <remap from="~corrections" to="corrections"/>
        <remap from="~so3_cmd" to="so3_cmd"/>
        <rosparam file="$(find so3_control)/config/gains_hummingbird.yaml"/>
        <rosparam file="$(find so3_control)/config/corrections_hummingbird.yaml"/>
        <param name="mass" value="0.98"/>
        <param name="use_angle_corrections " value="false"/>
        <param name="use_external_yaw "      value="false"/>
        <param name="gains/rot/z" value="1.0"/>    
        <param name="gains/ang/z" value="0.4"/>        
  </node>  
 
  <!--node pkg="so3_disturbance_generator" name="so3_disturbance_generator" type="so3_disturbance_generator" output="screen">
        <remap from="~odom" to="/visual_slam/odom"/>             
        <remap from="~noisy_odom" to="/state_ukf/odom"/>          
        <remap from="~correction" to="/visual_slam/correction"/>   
        <remap from="~force_disturbance" to="force_disturbance"/>        
        <remap from="~moment_disturbance" to="moment_disturbance"/>            
  </node--> 
 
  <node pkg="odom_visualization" name="odom_visualization" type="odom_visualization" output="screen">
        <remap from="~odom" to="$(arg odometry_topic)"/>
        <param name="color/a" value="1.0"/>    
        <param name="color/r" value="0.0"/>        
        <param name="color/g" value="0.0"/>        
        <param name="color/b" value="0.0"/>       
        <param name="covariance_scale" value="100.0"/>       
        <param name="robot_scale" value="1.0"/>
        <param name="tf45" value="true"/>
  </node>

  <node pkg="local_sensing_node" type="pcl_render_node" name="pcl_render_node" output="screen">
        <rosparam command="load" file="$(find local_sensing_node)/params/camera.yaml" />
        <param name="sensing_horizon"  value="4.0" />
        <param name="sensing_rate"     value="30.0"/>
        <param name="estimation_rate"  value="30.0"/>

        <param name="map/x_size"     value="$(arg map_size_x_)"/>
        <param name="map/y_size"     value="$(arg map_size_y_)"/>
        <param name="map/z_size"     value="$(arg map_size_z_)"/>

        <remap from="~global_map" to="map_generator/global_cloud"/>
        <remap from="~odometry"   to="$(arg odometry_topic)"/>
	<remap from="/pcl_render_node/cloud"   to="pcl_render_node/cloud"/>
  </node>

</launch>
